"ID","Kingdom","Phylum","Class","Order","Family","Genus","Species","mean","Label"
"ASV_1","Bacteria","Bacteroidetes","Sphingobacteriia","Sphingobacteriales","Chitinophagaceae","Unassigned","Unassigned",0.0100002257740566,"ASV_1"
"ASV_10","Bacteria","Proteobacteria","Betaproteobacteria","Burkholderiales","Burkholderiaceae","Ralstonia","Ralstonia_pickettii",0.00906296981639117,"ASV_10"
"ASV_101","Bacteria","Acidobacteria","Acidobacteria_Gp2","Unassigned","Unassigned","Gp2","Unassigned",0.00170405138077501,"ASV_101"
"ASV_103","Bacteria","Bacteroidetes","Sphingobacteriia","Sphingobacteriales","Chitinophagaceae","Terrimonas","Terrimonas_lutea",0.00231437624071599,"ASV_103"
"ASV_107","Bacteria","Actinobacteria","Actinobacteria","Gaiellales","Gaiellaceae","Gaiella","Gaiella_occulta",0.000841024360853388,"ASV_107"
"ASV_11","Bacteria","Proteobacteria","Alphaproteobacteria","Rhodospirillales","Rhodospirillaceae","Unassigned","Unassigned",0.011442457517323,"ASV_11"
"ASV_111","Bacteria","Proteobacteria","Alphaproteobacteria","Sphingomonadales","Sphingomonadaceae","Sphingobium","Unassigned",0.000922601126199293,"ASV_111"
"ASV_113","Bacteria","Proteobacteria","Betaproteobacteria","Unassigned","Unassigned","Unassigned","Unassigned",0.0016850582782315,"ASV_113"
"ASV_114","Bacteria","Proteobacteria","Betaproteobacteria","Nitrosomonadales","Nitrosomonadaceae","Nitrosospira","Unassigned",0.00101453776466335,"ASV_114"
"ASV_116","Bacteria","Proteobacteria","Betaproteobacteria","Unassigned","Unassigned","Unassigned","Unassigned",0.000779245920761686,"ASV_116"
"ASV_1168","Bacteria","Proteobacteria","Betaproteobacteria","Unassigned","Unassigned","Unassigned","Unassigned",0.000952354832085749,"ASV_1168"
"ASV_117","Bacteria","Proteobacteria","Gammaproteobacteria","Unassigned","Unassigned","Unassigned","Unassigned",0.00127005809381123,"ASV_117"
"ASV_122","Bacteria","Unassigned","Unassigned","Unassigned","Unassigned","Unassigned","Unassigned",0.00239771844052795,"ASV_122"
"ASV_123","Bacteria","Bacteroidetes","Sphingobacteriia","Sphingobacteriales","Chitinophagaceae","Flavitalea","Flavitalea_gansuensis",0.000923951596849917,"ASV_123"
"ASV_124","Bacteria","Acidobacteria","Acidobacteria_Gp16","Unassigned","Unassigned","Gp16","Unassigned",0.00133360969902253,"ASV_124"
"ASV_1243","Bacteria","Unassigned","Unassigned","Unassigned","Unassigned","Unassigned","Unassigned",0.00076133276077918,"ASV_1243"
"ASV_127","Bacteria","Unassigned","Unassigned","Unassigned","Unassigned","Unassigned","Unassigned",0.00143042015192378,"ASV_127"
"ASV_129","Bacteria","Verrucomicrobia","Spartobacteria","Unassigned","Unassigned","Spartobacteria_genera_incertae_sedis","Unassigned",0.00269501854073083,"ASV_129"
"ASV_13","Archaea","Thaumarchaeota","Unassigned","Nitrososphaerales","Nitrososphaeraceae","Nitrososphaera","Unassigned",0.00465121782687476,"ASV_13"
"ASV_130","Bacteria","Gemmatimonadetes","Gemmatimonadetes","Gemmatimonadales","Gemmatimonadaceae","Gemmatimonas","Gemmatimonas_aurantiaca",0.00282750233696597,"ASV_130"
"ASV_131","Bacteria","Proteobacteria","Gammaproteobacteria","Pseudomonadales","Pseudomonadaceae","Pseudomonas","Pseudomonas_corrugata",0.00190849234178695,"ASV_131"
"ASV_133","Bacteria","Proteobacteria","Betaproteobacteria","Neisseriales","Neisseriaceae","Unassigned","Unassigned",0.00138589098128552,"ASV_133"
"ASV_134","Bacteria","candidate_division_WPS-1","Unassigned","Unassigned","Unassigned","WPS-1_genera_incertae_sedis","Unassigned",0.000806584288048933,"ASV_134"
"ASV_135","Bacteria","Proteobacteria","Alphaproteobacteria","Rhizobiales","Unassigned","Unassigned","Unassigned",0.0016329289832917,"ASV_135"
"ASV_136","Bacteria","Unassigned","Unassigned","Unassigned","Unassigned","Unassigned","Unassigned",0.00160224854423714,"ASV_136"
"ASV_138","Bacteria","Proteobacteria","Alphaproteobacteria","Sphingomonadales","Sphingomonadaceae","Unassigned","Unassigned",0.000992936617271099,"ASV_138"
"ASV_141","Bacteria","Proteobacteria","Betaproteobacteria","Unassigned","Unassigned","Unassigned","Unassigned",0.0010406516819866,"ASV_141"
"ASV_142","Bacteria","Proteobacteria","Gammaproteobacteria","Xanthomonadales","Xanthomonadaceae","Arenimonas","Arenimonas_daechungensis",0.000947926849711689,"ASV_142"
"ASV_143","Bacteria","Proteobacteria","Betaproteobacteria","Burkholderiales","Unassigned","Unassigned","Unassigned",0.00180375466734528,"ASV_143"
"ASV_144","Bacteria","Proteobacteria","Gammaproteobacteria","Unassigned","Unassigned","Unassigned","Unassigned",0.00161338542365458,"ASV_144"
"ASV_1489","Bacteria","Unassigned","Unassigned","Unassigned","Unassigned","Unassigned","Unassigned",0.000791620890611548,"ASV_1489"
"ASV_149","Bacteria","Unassigned","Unassigned","Unassigned","Unassigned","Unassigned","Unassigned",0.00240450509360512,"ASV_149"
"ASV_15","Bacteria","Acidobacteria","Acidobacteria_Gp1","Unassigned","Unassigned","Gp1","Unassigned",0.00178952862617631,"ASV_15"
"ASV_152","Bacteria","Bacteroidetes","Sphingobacteriia","Sphingobacteriales","Chitinophagaceae","Unassigned","Unassigned",0.00159279935764701,"ASV_152"
"ASV_153","Bacteria","Proteobacteria","Betaproteobacteria","Unassigned","Unassigned","Unassigned","Unassigned",0.00102686890606173,"ASV_153"
"ASV_155","Bacteria","Gemmatimonadetes","Gemmatimonadetes","Gemmatimonadales","Gemmatimonadaceae","Gemmatimonas","Gemmatimonas_aurantiaca",0.000879223198834473,"ASV_155"
"ASV_156","Bacteria","Acidobacteria","Acidobacteria_Gp1","Unassigned","Unassigned","Gp1","Unassigned",0.00139116978902793,"ASV_156"
"ASV_157","Bacteria","Proteobacteria","Gammaproteobacteria","Chromatiales","Chromatiaceae","Unassigned","Unassigned",0.00140874461292644,"ASV_157"
"ASV_16","Bacteria","Acidobacteria","Acidobacteria_Gp2","Unassigned","Unassigned","Gp2","Unassigned",0.00227624013823952,"ASV_16"
"ASV_162","Bacteria","Verrucomicrobia","Subdivision3","Unassigned","Unassigned","Subdivision3_genera_incertae_sedis","Unassigned",0.00100650519782448,"ASV_162"
"ASV_164","Bacteria","Planctomycetes","Planctomycetia","Planctomycetales","Planctomycetaceae","Gemmata","Gemmata_obscuriglobus",0.000929700794220461,"ASV_164"
"ASV_169","Bacteria","Bacteroidetes","Sphingobacteriia","Sphingobacteriales","Chitinophagaceae","Unassigned","Unassigned",0.000820232336126195,"ASV_169"
"ASV_17","Bacteria","Proteobacteria","Alphaproteobacteria","Sphingomonadales","Sphingomonadaceae","Sphingomonas","Unassigned",0.00145325698264209,"ASV_17"
"ASV_170","Bacteria","Acidobacteria","Acidobacteria_Gp6","Unassigned","Unassigned","Gp6","Unassigned",0.00108444927655153,"ASV_170"
"ASV_173","Bacteria","Proteobacteria","Betaproteobacteria","Unassigned","Unassigned","Unassigned","Unassigned",0.000771779967281621,"ASV_173"
"ASV_178","Bacteria","Proteobacteria","Alphaproteobacteria","Rhizobiales","Unassigned","Unassigned","Unassigned",0.00164893350279505,"ASV_178"
"ASV_179","Bacteria","candidate_division_WPS-1","Unassigned","Unassigned","Unassigned","WPS-1_genera_incertae_sedis","Unassigned",0.00111810824992092,"ASV_179"
"ASV_18","Bacteria","Proteobacteria","Gammaproteobacteria","Xanthomonadales","Sinobacteraceae","Steroidobacter","Unassigned",0.00247665210791411,"ASV_18"
"ASV_1835","Bacteria","Unassigned","Unassigned","Unassigned","Unassigned","Unassigned","Unassigned",0.000894382639943956,"ASV_1835"
"ASV_189","Bacteria","Proteobacteria","Alphaproteobacteria","Rhizobiales","Unassigned","Unassigned","Unassigned",0.00139628398469322,"ASV_189"
"ASV_19","Bacteria","Acidobacteria","Acidobacteria_Gp1","Unassigned","Unassigned","Telmatobacter","Telmatobacter_bradus",0.00136908244467078,"ASV_19"
"ASV_190","Bacteria","Unassigned","Unassigned","Unassigned","Unassigned","Unassigned","Unassigned",0.00119287751541301,"ASV_190"
"ASV_191","Bacteria","Proteobacteria","Betaproteobacteria","Burkholderiales","Comamonadaceae","Unassigned","Unassigned",0.000930317679144695,"ASV_191"
"ASV_1938","Bacteria","Proteobacteria","Betaproteobacteria","Burkholderiales","Oxalobacteraceae","Herminiimonas","Herminiimonas_glaciei",0.00100979410503142,"ASV_1938"
"ASV_194","Bacteria","Proteobacteria","Alphaproteobacteria","Rhizobiales","Unassigned","Unassigned","Unassigned",0.00101664748308962,"ASV_194"
"ASV_196","Bacteria","Proteobacteria","Deltaproteobacteria","Desulfuromonadales","Geobacteraceae","Geobacter","Unassigned",0.00146975179666833,"ASV_196"
"ASV_2","Bacteria","Proteobacteria","Gammaproteobacteria","Unassigned","Unassigned","Unassigned","Unassigned",0.00294772633043817,"ASV_2"
"ASV_20","Bacteria","Proteobacteria","Alphaproteobacteria","Sphingomonadales","Sphingomonadaceae","Sphingomonas","Sphingomonas_jaspsi",0.00384464046185216,"ASV_20"
"ASV_205","Bacteria","Acidobacteria","Acidobacteria_Gp3","Unassigned","Unassigned","Gp3","Unassigned",0.00113980479415086,"ASV_205"
"ASV_206","Bacteria","Acidobacteria","Acidobacteria_Gp1","Unassigned","Unassigned","Gp1","Unassigned",0.00170406669344928,"ASV_206"
"ASV_207","Bacteria","Proteobacteria","Alphaproteobacteria","Rhizobiales","Bradyrhizobiaceae","Unassigned","Unassigned",0.000832932689641554,"ASV_207"
"ASV_21","Archaea","Thaumarchaeota","Unassigned","Nitrososphaerales","Nitrososphaeraceae","Nitrososphaera","Unassigned",0.00390396441431538,"ASV_21"
"ASV_211","Bacteria","Bacteroidetes","Sphingobacteriia","Sphingobacteriales","Chitinophagaceae","Niastella","Niastella_koreensis",0.00116754221561005,"ASV_211"
"ASV_213","Bacteria","Bacteroidetes","Unassigned","Unassigned","Unassigned","Unassigned","Unassigned",0.00266853167005255,"ASV_213"
"ASV_219","Bacteria","Gemmatimonadetes","Gemmatimonadetes","Gemmatimonadales","Gemmatimonadaceae","Gemmatimonas","Gemmatimonas_aurantiaca",0.00116713590105902,"ASV_219"
"ASV_22","Bacteria","Nitrospirae","Nitrospira","Nitrospirales","Nitrospiraceae","Nitrospira","Unassigned",0.00468226175154744,"ASV_22"
"ASV_227","Archaea","Thaumarchaeota","Unassigned","Nitrosopumilales","Nitrosopumilaceae","Nitrosopumilus","Unassigned",0.00177058086297081,"ASV_227"
"ASV_228","Bacteria","Proteobacteria","Alphaproteobacteria","Rhodospirillales","Rhodospirillaceae","Dongia","Unassigned",0.00153032297033415,"ASV_228"
"ASV_229","Bacteria","Gemmatimonadetes","Gemmatimonadetes","Gemmatimonadales","Gemmatimonadaceae","Gemmatimonas","Gemmatimonas_aurantiaca",0.00187086952146557,"ASV_229"
"ASV_23","Bacteria","Proteobacteria","Gammaproteobacteria","Xanthomonadales","Xanthomonadaceae","Unassigned","Unassigned",0.00134390194072625,"ASV_23"
"ASV_232","Bacteria","Unassigned","Unassigned","Unassigned","Unassigned","Unassigned","Unassigned",0.00126591104449834,"ASV_232"
"ASV_235","Bacteria","Unassigned","Unassigned","Unassigned","Unassigned","Unassigned","Unassigned",0.00100966795156302,"ASV_235"
"ASV_239","Bacteria","Proteobacteria","Alphaproteobacteria","Rhizobiales","Xanthobacteraceae","Pseudolabrys","Pseudolabrys_taiwanensis",0.000960853680327926,"ASV_239"
"ASV_24","Bacteria","Unassigned","Unassigned","Unassigned","Unassigned","Unassigned","Unassigned",0.00165530328735506,"ASV_24"
"ASV_242","Bacteria","Proteobacteria","Gammaproteobacteria","Xanthomonadales","Xanthomonadaceae","Dokdonella","Dokdonella_fugitiva",0.000947597687611231,"ASV_242"
"ASV_244","Bacteria","Proteobacteria","Gammaproteobacteria","Unassigned","Unassigned","Unassigned","Unassigned",0.00229264489485505,"ASV_244"
"ASV_25","Bacteria","Proteobacteria","Betaproteobacteria","Unassigned","Unassigned","Unassigned","Unassigned",0.00273940041273052,"ASV_25"
"ASV_253","Bacteria","Proteobacteria","Gammaproteobacteria","Pseudomonadales","Pseudomonadaceae","Pseudomonas","Pseudomonas_granadensis",0.000953454986438504,"ASV_253"
"ASV_258","Bacteria","Proteobacteria","Deltaproteobacteria","Myxococcales","Haliangiaceae","Haliangium","Unassigned",0.00130402185518647,"ASV_258"
"ASV_265","Bacteria","Unassigned","Unassigned","Unassigned","Unassigned","Unassigned","Unassigned",0.00158011685037888,"ASV_265"
"ASV_27","Bacteria","Acidobacteria","Acidobacteria_Gp1","Unassigned","Unassigned","Gp1","Unassigned",0.000857465090781682,"ASV_27"
"ASV_272","Bacteria","Bacteroidetes","Sphingobacteriia","Sphingobacteriales","Chitinophagaceae","Sediminibacterium","Unassigned",0.00119295367234719,"ASV_272"
"ASV_277","Bacteria","Proteobacteria","Alphaproteobacteria","Rhodospirillales","Rhodospirillaceae","Unassigned","Unassigned",0.00139968067339353,"ASV_277"
"ASV_278","Unassigned","Unassigned","Unassigned","Unassigned","Unassigned","Unassigned","Unassigned",0.000851978944376921,"ASV_278"
"ASV_279","Bacteria","Proteobacteria","Gammaproteobacteria","Xanthomonadales","Sinobacteraceae","Povalibacter","Povalibacter_uvarum",0.000917475101189472,"ASV_279"
"ASV_28","Bacteria","Proteobacteria","Alphaproteobacteria","Rhizobiales","Unassigned","Unassigned","Unassigned",0.0041479587910269,"ASV_28"
"ASV_286","Bacteria","Proteobacteria","Deltaproteobacteria","Myxococcales","Cystobacteraceae","Cystobacter","Unassigned",0.000976340991231985,"ASV_286"
"ASV_29","Bacteria","Acidobacteria","Acidobacteria_Gp13","Unassigned","Unassigned","Gp13","Unassigned",0.00321782192534192,"ASV_29"
"ASV_290","Bacteria","Proteobacteria","Alphaproteobacteria","Unassigned","Unassigned","Unassigned","Unassigned",0.00241978613808587,"ASV_290"
"ASV_294","Bacteria","Gemmatimonadetes","Gemmatimonadetes","Gemmatimonadales","Gemmatimonadaceae","Gemmatimonas","Gemmatimonas_aurantiaca",0.000956691111983737,"ASV_294"
"ASV_298","Bacteria","Proteobacteria","Betaproteobacteria","Unassigned","Unassigned","Unassigned","Unassigned",0.00103640487413382,"ASV_298"
"ASV_3","Bacteria","Proteobacteria","Betaproteobacteria","Burkholderiales","Burkholderiaceae","Burkholderia","Burkholderia_soli",0.00119958520317965,"ASV_3"
"ASV_30","Bacteria","Acidobacteria","Acidobacteria_Gp3","Unassigned","Unassigned","Gp3","Unassigned",0.00299167670950092,"ASV_30"
"ASV_300","Bacteria","Proteobacteria","Alphaproteobacteria","Unassigned","Unassigned","Unassigned","Unassigned",0.000947321590723198,"ASV_300"
"ASV_304","Bacteria","Proteobacteria","Alphaproteobacteria","Rhizobiales","Unassigned","Unassigned","Unassigned",0.00106313252901453,"ASV_304"
"ASV_305","Bacteria","Acidobacteria","Acidobacteria_Gp3","Unassigned","Unassigned","Gp3","Unassigned",0.000960927391472055,"ASV_305"
"ASV_307","Bacteria","Unassigned","Unassigned","Unassigned","Unassigned","Unassigned","Unassigned",0.000780422116562429,"ASV_307"
"ASV_31","Bacteria","Proteobacteria","Alphaproteobacteria","Rhizobiales","Bradyrhizobiaceae","Bradyrhizobium","Bradyrhizobium_daqingense",0.00224203869450984,"ASV_31"
"ASV_313","Bacteria","Acidobacteria","Acidobacteria_Gp6","Unassigned","Unassigned","Gp6","Unassigned",0.000830812658327004,"ASV_313"
"ASV_316","Bacteria","Acidobacteria","Acidobacteria_Gp6","Unassigned","Unassigned","Gp6","Unassigned",0.00125853565062095,"ASV_316"
"ASV_32","Bacteria","Proteobacteria","Alphaproteobacteria","Rhizobiales","Bradyrhizobiaceae","Bradyrhizobium","Unassigned",0.00135425955934809,"ASV_32"
"ASV_320","Unassigned","Unassigned","Unassigned","Unassigned","Unassigned","Unassigned","Unassigned",0.000917896739052069,"ASV_320"
"ASV_323","Bacteria","Proteobacteria","Alphaproteobacteria","Rhizobiales","Unassigned","Unassigned","Unassigned",0.000772723462658802,"ASV_323"
"ASV_324","Bacteria","Acidobacteria","Acidobacteria_Gp6","Unassigned","Unassigned","Gp6","Unassigned",0.00093248463529943,"ASV_324"
"ASV_328","Bacteria","Unassigned","Unassigned","Unassigned","Unassigned","Unassigned","Unassigned",0.000788907668374556,"ASV_328"
"ASV_329","Bacteria","Gemmatimonadetes","Gemmatimonadetes","Gemmatimonadales","Gemmatimonadaceae","Gemmatimonas","Gemmatimonas_aurantiaca",0.000849650225041423,"ASV_329"
"ASV_33","Bacteria","Proteobacteria","Alphaproteobacteria","Rhizobiales","Unassigned","Unassigned","Unassigned",0.00271662682694158,"ASV_33"
"ASV_332","Bacteria","Proteobacteria","Alphaproteobacteria","Unassigned","Unassigned","Unassigned","Unassigned",0.00108038697090838,"ASV_332"
"ASV_334","Bacteria","Proteobacteria","Alphaproteobacteria","Rhizobiales","Hyphomicrobiaceae","Rhodoplanes","Unassigned",0.0010790741490042,"ASV_334"
"ASV_34","Bacteria","Proteobacteria","Gammaproteobacteria","Xanthomonadales","Xanthomonadaceae","Unassigned","Unassigned",0.000854553989159223,"ASV_34"
"ASV_342","Bacteria","Proteobacteria","Gammaproteobacteria","Unassigned","Unassigned","Unassigned","Unassigned",0.00151572457672858,"ASV_342"
"ASV_347","Bacteria","Proteobacteria","Alphaproteobacteria","Rhizobiales","Xanthobacteraceae","Pseudolabrys","Pseudolabrys_taiwanensis",0.000848144217758758,"ASV_347"
"ASV_348","Bacteria","Acidobacteria","Acidobacteria_Gp1","Unassigned","Unassigned","Gp1","Unassigned",0.00144338702946771,"ASV_348"
"ASV_35","Bacteria","Proteobacteria","Betaproteobacteria","Burkholderiales","Burkholderiaceae","Burkholderia","Burkholderia_caribensis",0.00227487838400459,"ASV_35"
"ASV_350","Bacteria","Acidobacteria","Acidobacteria_Gp1","Unassigned","Unassigned","Gp1","Unassigned",0.0009373618484135,"ASV_350"
"ASV_352","Bacteria","Unassigned","Unassigned","Unassigned","Unassigned","Unassigned","Unassigned",0.000881627256218803,"ASV_352"
"ASV_36","Bacteria","Proteobacteria","Alphaproteobacteria","Sphingomonadales","Sphingomonadaceae","Sphingomonas","Unassigned",0.00202520037265359,"ASV_36"
"ASV_361","Unassigned","Unassigned","Unassigned","Unassigned","Unassigned","Unassigned","Unassigned",0.000787436332925695,"ASV_361"
"ASV_367","Bacteria","Acidobacteria","Acidobacteria_Gp6","Unassigned","Unassigned","Gp6","Unassigned",0.00102441431156209,"ASV_367"
"ASV_370","Bacteria","Proteobacteria","Alphaproteobacteria","Rhodospirillales","Rhodospirillaceae","Unassigned","Unassigned",0.00121038116344284,"ASV_370"
"ASV_376","Bacteria","Proteobacteria","Gammaproteobacteria","Pseudomonadales","Pseudomonadaceae","Pseudomonas","Pseudomonas_panipatensis",0.00110758767681657,"ASV_376"
"ASV_38","Bacteria","Proteobacteria","Alphaproteobacteria","Rhizobiales","Phyllobacteriaceae","Mesorhizobium","Mesorhizobium_silamurunense",0.00195933877919814,"ASV_38"
"ASV_381","Bacteria","Proteobacteria","Betaproteobacteria","Unassigned","Unassigned","Unassigned","Unassigned",0.00127285765138803,"ASV_381"
"ASV_384","Bacteria","Acidobacteria","Acidobacteria_Gp2","Unassigned","Unassigned","Gp2","Unassigned",0.00101938407896202,"ASV_384"
"ASV_387","Bacteria","Bacteroidetes","Sphingobacteriia","Sphingobacteriales","Unassigned","Unassigned","Unassigned",0.00133322667833259,"ASV_387"
"ASV_39","Bacteria","Proteobacteria","Betaproteobacteria","Unassigned","Unassigned","Unassigned","Unassigned",0.00395855060346308,"ASV_39"
"ASV_398","Bacteria","Acidobacteria","Acidobacteria_Gp3","Unassigned","Unassigned","Gp3","Unassigned",0.000811805037347889,"ASV_398"
"ASV_40","Bacteria","Proteobacteria","Betaproteobacteria","Unassigned","Unassigned","Unassigned","Unassigned",0.00200038999057402,"ASV_40"
"ASV_41","Bacteria","Proteobacteria","Betaproteobacteria","Unassigned","Unassigned","Unassigned","Unassigned",0.00253734996077037,"ASV_41"
"ASV_415","Bacteria","Proteobacteria","Gammaproteobacteria","Xanthomonadales","Sinobacteraceae","Steroidobacter","Unassigned",0.000972338643597728,"ASV_415"
"ASV_416","Bacteria","Proteobacteria","Gammaproteobacteria","Legionellales","Coxiellaceae","Aquicella","Aquicella_siphonis",0.001248488351331,"ASV_416"
"ASV_425","Bacteria","Proteobacteria","Alphaproteobacteria","Rhizobiales","Bradyrhizobiaceae","Bradyrhizobium","Unassigned",0.00094263153650778,"ASV_425"
"ASV_428","Bacteria","Proteobacteria","Alphaproteobacteria","Rhodospirillales","Rhodospirillaceae","Unassigned","Unassigned",0.000892094913657257,"ASV_428"
"ASV_433","Bacteria","Unassigned","Unassigned","Unassigned","Unassigned","Unassigned","Unassigned",0.000780062941946921,"ASV_433"
"ASV_44","Bacteria","Acidobacteria","Acidobacteria_Gp6","Unassigned","Unassigned","Gp6","Unassigned",0.00300283587737716,"ASV_44"
"ASV_440","Bacteria","Proteobacteria","Gammaproteobacteria","Xanthomonadales","Xanthomonadaceae","Rudaea","Rudaea_cellulosilytica",0.00106774817117014,"ASV_440"
"ASV_451","Bacteria","Unassigned","Unassigned","Unassigned","Unassigned","Unassigned","Unassigned",0.00180975941300476,"ASV_451"
"ASV_459","Bacteria","Acidobacteria","Acidobacteria_Gp4","Unassigned","Unassigned","Gp4","Unassigned",0.000876617078481437,"ASV_459"
"ASV_46","Bacteria","Proteobacteria","Betaproteobacteria","Burkholderiales","Burkholderiaceae","Burkholderia","Unassigned",0.0013688954493272,"ASV_46"
"ASV_47","Bacteria","Proteobacteria","Betaproteobacteria","Unassigned","Unassigned","Unassigned","Unassigned",0.00371117712010389,"ASV_47"
"ASV_473","Bacteria","Unassigned","Unassigned","Unassigned","Unassigned","Unassigned","Unassigned",0.00092121973475812,"ASV_473"
"ASV_476","Bacteria","Acidobacteria","Acidobacteria_Gp3","Unassigned","Unassigned","Gp3","Unassigned",0.000833379713503325,"ASV_476"
"ASV_49","Bacteria","Firmicutes","Bacilli","Bacillales","Bacillaceae_1","Bacillus","Bacillus_vireti",0.000760860469387291,"ASV_49"
"ASV_497","Bacteria","Proteobacteria","Gammaproteobacteria","Unassigned","Unassigned","Unassigned","Unassigned",0.000791477406052091,"ASV_497"
"ASV_5","Bacteria","Verrucomicrobia","Spartobacteria","Unassigned","Unassigned","Spartobacteria_genera_incertae_sedis","Unassigned",0.00602245338906053,"ASV_5"
"ASV_50","Bacteria","Proteobacteria","Alphaproteobacteria","Rhizobiales","Unassigned","Unassigned","Unassigned",0.00350327703535914,"ASV_50"
"ASV_51","Bacteria","Proteobacteria","Alphaproteobacteria","Sphingomonadales","Sphingomonadaceae","Novosphingobium","Novosphingobium_arabidopsis",0.000931837842489228,"ASV_51"
"ASV_513","Unassigned","Unassigned","Unassigned","Unassigned","Unassigned","Unassigned","Unassigned",0.00119282917426208,"ASV_513"
"ASV_52","Bacteria","Proteobacteria","Betaproteobacteria","Burkholderiales","Oxalobacteraceae","Pseudoduganella","Pseudoduganella_violaceinigra",0.00232889056775916,"ASV_52"
"ASV_521","Bacteria","Proteobacteria","Alphaproteobacteria","Rhodospirillales","Rhodospirillaceae","Desertibacter","Desertibacter_roseus",0.000938926796828234,"ASV_521"
"ASV_54","Bacteria","Proteobacteria","Gammaproteobacteria","Unassigned","Unassigned","Unassigned","Unassigned",0.000839437502704125,"ASV_54"
"ASV_55","Bacteria","Proteobacteria","Alphaproteobacteria","Caulobacterales","Caulobacteraceae","Phenylobacterium","Phenylobacterium_muchangponense",0.00199992944756582,"ASV_55"
"ASV_57","Bacteria","Proteobacteria","Alphaproteobacteria","Rhizobiales","Phyllobacteriaceae","Mesorhizobium","Unassigned",0.000908481143827876,"ASV_57"
"ASV_573","Bacteria","Acidobacteria","Acidobacteria_Gp4","Unassigned","Unassigned","Gp4","Unassigned",0.000902825661959127,"ASV_573"
"ASV_59","Bacteria","Acidobacteria","Acidobacteria_Gp1","Unassigned","Unassigned","Telmatobacter","Telmatobacter_bradus",0.000832270745549741,"ASV_59"
"ASV_60","Bacteria","Proteobacteria","Alphaproteobacteria","Sphingomonadales","Sphingomonadaceae","Novosphingobium","Novosphingobium_resinovorum",0.00080587331870723,"ASV_60"
"ASV_608","Bacteria","Bacteroidetes","Sphingobacteriia","Sphingobacteriales","Saprospiraceae","Unassigned","Unassigned",0.000931615961487171,"ASV_608"
"ASV_61","Bacteria","Actinobacteria","Actinobacteria","Gaiellales","Gaiellaceae","Gaiella","Gaiella_occulta",0.00136797806044319,"ASV_61"
"ASV_614","Bacteria","Proteobacteria","Deltaproteobacteria","Myxococcales","Polyangiaceae","Unassigned","Unassigned",0.00082571477794331,"ASV_614"
"ASV_617","Bacteria","Unassigned","Unassigned","Unassigned","Unassigned","Unassigned","Unassigned",0.000845439293399491,"ASV_617"
"ASV_62","Bacteria","Proteobacteria","Betaproteobacteria","Unassigned","Unassigned","Unassigned","Unassigned",0.00328318367381177,"ASV_62"
"ASV_63","Bacteria","Unassigned","Unassigned","Unassigned","Unassigned","Unassigned","Unassigned",0.00101248775378786,"ASV_63"
"ASV_64","Bacteria","Proteobacteria","Alphaproteobacteria","Alphaproteobacteria_incertae_sedis","Unassigned","Rhizomicrobium","Unassigned",0.00149558811127019,"ASV_64"
"ASV_65","Bacteria","Gemmatimonadetes","Gemmatimonadetes","Gemmatimonadales","Gemmatimonadaceae","Gemmatimonas","Gemmatimonas_aurantiaca",0.00122253581740421,"ASV_65"
"ASV_651","Bacteria","Proteobacteria","Gammaproteobacteria","Unassigned","Unassigned","Unassigned","Unassigned",0.00100018538735003,"ASV_651"
"ASV_66","Bacteria","Firmicutes","Bacilli","Bacillales","Bacillaceae_1","Bacillus","Bacillus_funiculus",0.00348689557853357,"ASV_66"
"ASV_661","Bacteria","Proteobacteria","Gammaproteobacteria","Unassigned","Unassigned","Unassigned","Unassigned",0.000847106142931472,"ASV_661"
"ASV_663","Bacteria","Acidobacteria","Acidobacteria_Gp6","Unassigned","Unassigned","Gp6","Unassigned",0.000788199065572604,"ASV_663"
"ASV_68","Bacteria","Proteobacteria","Alphaproteobacteria","Rhodospirillales","Rhodospirillaceae","Unassigned","Unassigned",0.0016305854819276,"ASV_68"
"ASV_69","Bacteria","Proteobacteria","Alphaproteobacteria","Rhizobiales","Hyphomicrobiaceae","Devosia","Devosia_insulae",0.00160217796610393,"ASV_69"
"ASV_694","Bacteria","Verrucomicrobia","Subdivision3","Unassigned","Unassigned","Subdivision3_genera_incertae_sedis","Unassigned",0.00082302452793098,"ASV_694"
"ASV_7","Bacteria","Proteobacteria","Alphaproteobacteria","Sphingomonadales","Sphingomonadaceae","Unassigned","Unassigned",0.00577883652100037,"ASV_7"
"ASV_70","Bacteria","Gemmatimonadetes","Gemmatimonadetes","Gemmatimonadales","Gemmatimonadaceae","Gemmatimonas","Gemmatimonas_aurantiaca",0.00181316446331213,"ASV_70"
"ASV_707","Bacteria","Acidobacteria","Acidobacteria_Gp3","Unassigned","Unassigned","Unassigned","Unassigned",0.00102931182810364,"ASV_707"
"ASV_72","Bacteria","Proteobacteria","Gammaproteobacteria","Xanthomonadales","Xanthomonadaceae","Unassigned","Unassigned",0.00124435891571543,"ASV_72"
"ASV_725","Bacteria","Unassigned","Unassigned","Unassigned","Unassigned","Unassigned","Unassigned",0.00104042836205576,"ASV_725"
"ASV_73","Bacteria","Acidobacteria","Acidobacteria_Gp3","Unassigned","Unassigned","Gp3","Unassigned",0.000783771392456095,"ASV_73"
"ASV_733","Bacteria","Proteobacteria","Gammaproteobacteria","Unassigned","Unassigned","Unassigned","Unassigned",0.000927638456684417,"ASV_733"
"ASV_735","Bacteria","Proteobacteria","Alphaproteobacteria","Unassigned","Unassigned","Unassigned","Unassigned",0.00107210644657009,"ASV_735"
"ASV_75","Bacteria","Proteobacteria","Alphaproteobacteria","Rhodospirillales","Rhodospirillaceae","Unassigned","Unassigned",0.00353129436137744,"ASV_75"
"ASV_76","Bacteria","Proteobacteria","Alphaproteobacteria","Rhodospirillales","Unassigned","Unassigned","Unassigned",0.000864342937612482,"ASV_76"
"ASV_772","Bacteria","Proteobacteria","Gammaproteobacteria","Chromatiales","Unassigned","Unassigned","Unassigned",0.00101682003809481,"ASV_772"
"ASV_782","Bacteria","Unassigned","Unassigned","Unassigned","Unassigned","Unassigned","Unassigned",0.000945180906437483,"ASV_782"
"ASV_79","Bacteria","Proteobacteria","Betaproteobacteria","Unassigned","Unassigned","Unassigned","Unassigned",0.00346791063308754,"ASV_79"
"ASV_80","Bacteria","Actinobacteria","Actinobacteria","Actinomycetales","Micrococcaceae","Arthrobacter","Arthrobacter_cryotolerans",0.00182616018463287,"ASV_80"
"ASV_81","Bacteria","Proteobacteria","Alphaproteobacteria","Rhizobiales","Bradyrhizobiaceae","Bradyrhizobium","Bradyrhizobium_manausense",0.00188569521149706,"ASV_81"
"ASV_812","Bacteria","Unassigned","Unassigned","Unassigned","Unassigned","Unassigned","Unassigned",0.00112629389437327,"ASV_812"
"ASV_82","Bacteria","Proteobacteria","Alphaproteobacteria","Sphingomonadales","Erythrobacteraceae","Unassigned","Unassigned",0.00284206908621178,"ASV_82"
"ASV_842","Unassigned","Unassigned","Unassigned","Unassigned","Unassigned","Unassigned","Unassigned",0.00101523504942412,"ASV_842"
"ASV_86","Bacteria","Unassigned","Unassigned","Unassigned","Unassigned","Unassigned","Unassigned",0.00323711875849766,"ASV_86"
"ASV_87","Bacteria","Gemmatimonadetes","Gemmatimonadetes","Gemmatimonadales","Gemmatimonadaceae","Gemmatimonas","Gemmatimonas_aurantiaca",0.00103402793930288,"ASV_87"
"ASV_874","Bacteria","Chloroflexi","Anaerolineae","Anaerolineales","Anaerolineaceae","Unassigned","Unassigned",0.00102191789297589,"ASV_874"
"ASV_878","Bacteria","Proteobacteria","Alphaproteobacteria","Rhodospirillales","Rhodospirillaceae","Unassigned","Unassigned",0.000823634956853443,"ASV_878"
"ASV_88","Bacteria","Acidobacteria","Acidobacteria_Gp6","Unassigned","Unassigned","Gp6","Unassigned",0.00295453115651044,"ASV_88"
"ASV_9","Bacteria","Unassigned","Unassigned","Unassigned","Unassigned","Unassigned","Unassigned",0.003876976417793,"ASV_9"
"ASV_92","Bacteria","Acidobacteria","Acidobacteria_Gp6","Unassigned","Unassigned","Gp6","Unassigned",0.00269193071337228,"ASV_92"
"ASV_93","Bacteria","Nitrospirae","Nitrospira","Nitrospirales","Nitrospiraceae","Nitrospira","Unassigned",0.00107854453890295,"ASV_93"
"ASV_930","Bacteria","Acidobacteria","Acidobacteria_Gp7","Unassigned","Unassigned","Gp7","Unassigned",0.000821336920326072,"ASV_930"
"ASV_94","Bacteria","Unassigned","Unassigned","Unassigned","Unassigned","Unassigned","Unassigned",0.000948683299921236,"ASV_94"
"ASV_99","Bacteria","Proteobacteria","Betaproteobacteria","Unassigned","Unassigned","Unassigned","Unassigned",0.00129219999309864,"ASV_99"
